INSERT INTO Connexion(login, password) VALUES('admin1','pwd1');
INSERT INTO Connexion(login, password) VALUES('admin2','pwd2');
INSERT INTO Connexion(login, password) VALUES('user1','pwd1');
INSERT INTO Connexion(login, password) VALUES('user2','pwd2');
INSERT INTO Connexion(login, password) VALUES('user3','pwd3');
INSERT INTO Connexion(login, password) VALUES('user4','pwd4');
INSERT INTO Connexion(login, password) VALUES('assos1','pwd1');
INSERT INTO Connexion(login, password) VALUES('assos2','pwd2');
INSERT INTO Connexion(login, password) VALUES('assos3','pwd3');
INSERT INTO Connexion(login, password) VALUES('assos4','pwd4');
INSERT INTO Connexion(login, password) VALUES('assos5','pwd5');

--------------Pays Aide --------------------
INSERT INTO paysaide (id, libelle) VALUES ('1', 'pays loin')
----------------------------------------------------------------------------

INSERT INTO Adresse(numeroVoie, typeVoie, NomVoie, ville, codePostal, pays) VALUES('1','Avenue', 'Bayard', 'Paris', '75001', 'France');
INSERT INTO Adresse(numeroVoie, typeVoie, NomVoie, ville, codePostal, pays) VALUES('2','Rue', 'du pont', 'Paris', '75002', 'France');
INSERT INTO Adresse(numeroVoie, typeVoie, NomVoie, ville, codePostal, pays) VALUES('3','Boulevard', 'Francois Mitterand', 'Paris', '75003', 'France');
INSERT INTO Adresse(numeroVoie, typeVoie, NomVoie, ville, codePostal, pays) VALUES('4','Rue', 'du temple', 'Paris', '75004', 'France');
INSERT INTO Adresse(numeroVoie, typeVoie, NomVoie, ville, codePostal, pays) VALUES('5','Boulevard', 'Saint-Paul', 'Paris', '75005', 'France');
INSERT INTO Adresse(numeroVoie, typeVoie, NomVoie, ville, codePostal, pays) VALUES('6','Rue', 'de sevre', 'Paris', '75006', 'France');
INSERT INTO Adresse(numeroVoie, typeVoie, NomVoie, ville, codePostal, pays) VALUES('98','Rue', 'Didot', 'Paris', '75014', 'France');
INSERT INTO Adresse(numeroVoie, typeVoie, NomVoie, ville, codePostal, pays) VALUES('42','Rue', 'de Clichy', 'Paris', '75009', 'France');
INSERT INTO Adresse(numeroVoie, typeVoie, NomVoie, ville, codePostal, pays) VALUES('16','Boulevard', 'Douaumont', 'Paris', '75017', 'France');
INSERT INTO Adresse(numeroVoie, typeVoie, NomVoie, ville, codePostal, pays) VALUES('53','Boulevard', 'de Charonne', 'Paris', '75011', 'France');
INSERT INTO Adresse(numeroVoie, typeVoie, NomVoie, ville, codePostal, pays) VALUES('38','Rue', 'Leon', 'Paris', '75018', 'France');

INSERT INTO Personne(id,typePersonne,prenom,nom,email,dateDebut,idConnexion,idAdresse) VALUES(1,'Administrateur','Amin','Istrateur','AminI@gmail.com','2018-1-01 00:00:00',1,1);
INSERT INTO Personne(id,typePersonne,prenom,nom,email,dateDebut,idConnexion,idAdresse) VALUES(2,'Administrateur','Maude','Erateur','MaudeE@gmail.com','2018-1-01 00:00:00',2,2);
INSERT INTO Personne(id,typePersonne,prenom,nom,email,idConnexion,idAdresse) VALUES(3,'Donateur','Jacques','Celert','JacquesC@gmail.com',3,3);
INSERT INTO Personne(id,typePersonne,prenom,nom,email,idConnexion,idAdresse) VALUES(4,'Donateur','Eva','Poree','EvaP@gmail.com',4,4);
INSERT INTO Personne(id,typePersonne,prenom,nom,email,idConnexion,idAdresse) VALUES(5,'Donateur','Camille','Onette','CamilleO@gmail.com',5,5);
INSERT INTO Personne(id,typePersonne,prenom,nom,email,idConnexion,idAdresse) VALUES(6,'Donateur','Paul','Ochon','PaulO@gmail.com',6,6);
INSERT INTO Personne(id,typePersonne,prenom,nom,email,raisonSociale,siret,ape,dateAcceptation,idConnexion,idAdresse,idPaysAide) VALUES (7,'Association','Marie','Tim','contact@croixRouge.com','Croix Rouge','80295478500028','0001A','2018-1-01 00:00:00',7,7,1);
INSERT INTO Personne(id,typePersonne,prenom,nom,email,raisonSociale,siret,ape,dateAcceptation,idConnexion,idAdresse,idPaysAide) VALUES (8,'Association','Dan','Delion','contact@restoDuCoeur.com','Resto Du Coeur','80295478500029','0002A','2018-1-01 00:00:00',8,8,1);
INSERT INTO Personne(id,typePersonne,prenom,nom,email,raisonSociale,siret,ape,dateAcceptation,idConnexion,idAdresse,idPaysAide) VALUES (9,'Association','Paul','Ochon','contact@aclf.com','Action Contre La Faim','80295478500030','0011A','2018-1-01 00:00:00',9,9,1);
INSERT INTO Personne(id,typePersonne,prenom,nom,email,raisonSociale,siret,ape,dateAcceptation,idConnexion,idAdresse,idPaysAide) VALUES (10,'Association','Guy','Yotine','contact@aideAction.com','Aide Et Action','80295478500050','0070A',NULL,10,10,1);
INSERT INTO Personne(id,typePersonne,prenom,nom,email,raisonSociale,siret,ape,dateAcceptation,idConnexion,idAdresse,idPaysAide) VALUES (11,'Association','Justin','Ptipeu','contact@humanAppeal.com','Human Appeal','80295478500060','00501A',NULL,11,11,1);

INSERT INTO naturealiment (id, nature) VALUES ('1', 'Légumes secs');
INSERT INTO naturealiment (id, nature) VALUES ('2', 'Féculents');
INSERT INTO naturealiment (id, nature) VALUES ('3', 'Matières grasses'); 
INSERT INTO naturealiment (id, nature) VALUES ('4', 'Purées en poudre'); 
INSERT INTO naturealiment (id, nature) VALUES ('5', 'Conserves légumes');
INSERT INTO naturealiment (id, nature) VALUES ('6', 'Conserves viandes, poisson');
INSERT INTO naturealiment (id, nature) VALUES ('7', 'Plats cuisinés');
INSERT INTO naturealiment (id, nature) VALUES ('8', 'Petit déjeuner');

INSERT INTO naturefourniture (id, nature)  VALUES ('1', 'Petites fournitures');
INSERT INTO naturefourniture (id, nature)  VALUES ('2', 'Ecriture et Dessin');
INSERT INTO naturefourniture (id, nature)  VALUES ('3', 'Cahier et papeterie');
INSERT INTO naturefourniture (id, nature)  VALUES ('4', 'Cartable et trousse');
INSERT INTO naturefourniture (id, nature)  VALUES ('5', 'Calculatrice');

INSERT INTO naturevetement (id, nature) VALUES ('1', 'Chaussure');
INSERT INTO naturevetement (id, nature) VALUES ('2', 'sous-vêtements');
INSERT INTO naturevetement (id, nature) VALUES ('3', 'Vêtement');
INSERT INTO naturevetement (id, nature) VALUES ('4', 'Survêtement');

INSERT INTO typeproduit (id, Type)  VALUES ('1', 'Alimentaire');
INSERT INTO typeproduit (id, Type)  VALUES ('2', 'Vestimentaire');
INSERT INTO typeproduit (id, Type)  VALUES ('3', 'Fourniture scolaire');
/*------------------------------------------------------------------------- PRODUIT ALIMENTAIRE ---------------------------------------------------------------------------------------------------------------------------------------------------------------------------------------------------- */

INSERT INTO produit ( typeProduit, id, description, libelle, libelleCourt, prix, adulte, sexe, idTypeProduit, idNatureAliment, idNatureFourniture, idNatureVetement)VALUES ('A', '1', 'Riz Basmati long grain de qualité supérieure\r\nRiz basmati long grain de qualité supérieure. Matière première importée d Inde ou du Pakistan.\r\nSemoule de BLE dur de qualité supérieure.', 'Riz Basmati le paquet 1kg ', 'Riz Basmati ', '0.8', NULL, NULL, '1', '2', NULL, NULL);
INSERT INTO produit ( typeProduit, id, description, libelle, libelleCourt, prix, adulte, sexe, idTypeProduit, idNatureAliment, idNatureFourniture, idNatureVetement)VALUES ('A', '2', 'Riz Basmati long grain de qualité supérieure\r\nRiz basmati long grain de qualité supérieure. Matière première importée d Inde ou du Pakistan.\r\nSemoule de BLE dur de qualité supérieure.', 'Riz Basmati le paquetRiz B 2kg ', 'Riz Basmati ', '1', NULL, NULL, '1', '2', NULL, NULL);
INSERT INTO produit ( typeProduit, id, description, libelle, libelleCourt, prix, adulte, sexe, idTypeProduit, idNatureAliment, idNatureFourniture, idNatureVetement)VALUES ('A',  '3', 'Riz Basmati long grain de qualité supérieure\r\nRiz basmati long grain de qualité supérieure. Matière première importée d Inde ou du Pakistan.\r\nSemoule de BLE dur de qualité supérieure', 'Riz Basmati le paquet 5kg ', 'Riz Basmati ', '2.5', NULL, NULL, '1', '2', NULL, NULL);
INSERT INTO produit ( typeProduit, id, description, libelle, libelleCourt, prix, adulte, sexe, idTypeProduit, idNatureAliment, idNatureFourniture, idNatureVetement)VALUES ('A',  '4', 'Pâtes alimentaires de qualité supérieure\r\nSemoule de BLE dur de qualité supérieure.\r\nPeut contenir des traces d œufs.', 'Pâtes Coquillettes le paquet de 1 kg', 'Pâtes 1kg ', '0.60', NULL, NULL, '1', '2', NULL, NULL);
INSERT INTO produit ( typeProduit, id, description, libelle, libelleCourt, prix, adulte, sexe, idTypeProduit, idNatureAliment, idNatureFourniture, idNatureVetement)VALUES ('A',  '5', 'Pâtes alimentaires de qualité supérieure\r\nSemoule de BLE dur de qualité supérieure.\r\nPeut contenir des traces d œufs.', 'Pâtes Coquillettes le paquet de 2 kg', 'Pâtes 2kg ', '1.2', NULL, NULL, '1', '2', NULL, NULL);
INSERT INTO produit ( typeProduit, id, description, libelle, libelleCourt, prix, adulte, sexe, idTypeProduit, idNatureAliment, idNatureFourniture, idNatureVetement)VALUES ('A',  '6', 'Pâtes alimentaires de qualité supérieure\r\nSemoule de BLE dur de qualité supérieure.\r\nPeut contenir des traces d œufs.', 'Pâtes Coquillettes le paquet de 5 kg', 'Pâtes 5kg ', '2', NULL, NULL, '1', '2', NULL, NULL);
 
INSERT INTO produit ( typeProduit, id, description, libelle, libelleCourt, prix, adulte, sexe, idTypeProduit, idNatureAliment, idNatureFourniture, idNatureVetement)VALUES ('A',  '7', 'Ingrédients : 100% semoule de BLE dur de qualité supérieure', 'Pâtes Spaghetti Panzani\r\nle paquet de 1 kg', 'Spaghetti 1 kg', '1', NULL, NULL, '1', '2', NULL, NULL);
INSERT INTO produit ( typeProduit, id, description, libelle, libelleCourt, prix, adulte, sexe, idTypeProduit, idNatureAliment, idNatureFourniture, idNatureVetement)VALUES ('A',  '8', 'Ingrédients : 100% semoule de BLE dur de qualité supérieure', 'Pâtes Spaghetti Panzani\r\nle paquet de 3 kg', 'Spaghetti 3 kg', '1.5', NULL, NULL, '1', '2', NULL, NULL);
INSERT INTO produit ( typeProduit, id, description, libelle, libelleCourt, prix, adulte, sexe, idTypeProduit, idNatureAliment, idNatureFourniture, idNatureVetement)VALUES ('A',  '9', 'Ingrédients : 100% semoule de BLE dur de qualité supérieure', 'Pâtes Spaghetti Panzani\r\nle paquet de 5 kg', 'Spaghetti 5 kg', '2.5', NULL, NULL, '1', '2', NULL, NULL);
 
INSERT INTO produit ( typeProduit, id, description, libelle, libelleCourt, prix, adulte, sexe, idTypeProduit, idNatureAliment, idNatureFourniture, idNatureVetement)VALUES ('A',  '10', 'Couscous moyens\r\nSemoule de BLE dur de qualité supérieure.', 'Couscous grain moyen paquet de 1 kg', 'Couscous 1 kg', '1.10', NULL, NULL, '1', '2', NULL, NULL);
INSERT INTO produit ( typeProduit, id, description, libelle, libelleCourt, prix, adulte, sexe, idTypeProduit, idNatureAliment, idNatureFourniture, idNatureVetement)VALUES ('A',  '11', 'Couscous moyens\r\nSemoule de BLE dur de qualité supérieure.', 'Couscous grain moyen paquet de 3 kg', 'Couscous 3 kg', '2.50', NULL, NULL, '1', '2', NULL, NULL);
INSERT INTO produit ( typeProduit, id, description, libelle, libelleCourt, prix, adulte, sexe, idTypeProduit, idNatureAliment, idNatureFourniture, idNatureVetement)VALUES ('A',  '12', 'Couscous moyens\r\nSemoule de BLE dur de qualité supérieure.', 'Couscous grain moyen paquet de 5 kg', 'Couscous 5 kg', '3.50', NULL, NULL, '1', '2', NULL, NULL);

INSERT INTO produit ( typeProduit, id, description, libelle, libelleCourt, prix, adulte, sexe, idTypeProduit, idNatureAliment, idNatureFourniture, idNatureVetement)VALUES ('A',  '13', 'Blé dur précuit.\r\nPeut contenir des traces de soja.', 'Blé délicat Carrefour\r\nla boîte de 1kg', 'Blé délicat 1kg', '1.34', NULL, NULL, '1', '2', NULL, NULL);
INSERT INTO produit ( typeProduit, id, description, libelle, libelleCourt, prix, adulte, sexe, idTypeProduit, idNatureAliment, idNatureFourniture, idNatureVetement)VALUES ('A',  '14', 'Blé dur précuit.\r\nPeut contenir des traces de soja.', 'Blé délicat Carrefour\r\nla boîte de 2kg', 'Blé délicat 2kg', '2.1', NULL, NULL, '1', '2', NULL, NULL);
INSERT INTO produit ( typeProduit, id, description, libelle, libelleCourt, prix, adulte, sexe, idTypeProduit, idNatureAliment, idNatureFourniture, idNatureVetement)VALUES ('A',  '15', 'Blé dur précuit.\r\nPeut contenir des traces de soja.', 'Blé délicat Carrefour\r\nla boîte de 5kg', 'Blé délicat 5kg', '3.2', NULL, NULL, '1', '2', NULL, NULL);

INSERT INTO produit ( typeProduit, id, description, libelle, libelleCourt, prix, adulte, sexe, idTypeProduit, idNatureAliment, idNatureFourniture, idNatureVetement)VALUES ('A',  '16', 'Lentillesss vertes sachet 1kg\r\n100% lentilles vertes', 'Lentilles vertes le paquet de 1kg', 'Blé délicat 1kg', '1.1', NULL, NULL, '1', '1', NULL, NULL); 
INSERT INTO produit ( typeProduit, id, description, libelle, libelleCourt, prix, adulte, sexe, idTypeProduit, idNatureAliment, idNatureFourniture, idNatureVetement)VALUES ('A',  '17', 'Lentilles vertes sachet 1kg\r\n100% lentilles vertes', 'Lentilles vertes le paquet de 2kg', 'Blé délicat 2kg', '2.1', NULL, NULL, '1', '1', NULL, NULL); 
INSERT INTO produit ( typeProduit, id, description, libelle, libelleCourt, prix, adulte, sexe, idTypeProduit, idNatureAliment, idNatureFourniture, idNatureVetement)VALUES ('A',  '18', 'Lentilles vertes sachet 1kg\r\n100% lentilles vertes', 'Lentilles vertes le paquet de 2kg', 'Blé délicat 5kg', '3.5', NULL, NULL, '1', '1', NULL, NULL); 

INSERT INTO produit ( typeProduit, id, description, libelle, libelleCourt, prix, adulte, sexe, idTypeProduit, idNatureAliment, idNatureFourniture, idNatureVetement)VALUES ('A',  '19', 'Lentilles corail\r\nPeut contenir des céréales contenant du gluten.', 'Lentilles corail la boîte de 1kg', 'Lentilles corail 1kg', '1.8', NULL, NULL, '1', '1', NULL, NULL);
INSERT INTO produit ( typeProduit, id, description, libelle, libelleCourt, prix, adulte, sexe, idTypeProduit, idNatureAliment, idNatureFourniture, idNatureVetement)VALUES ('A',  '20', 'Lentilles corail\r\nPeut contenir des céréales contenant du gluten.', 'Lentilles corail la boîte de 2kg', 'Lentilles corail 2kg', '3', NULL, NULL, '1', '1', NULL, NULL);
INSERT INTO produit ( typeProduit, id, description, libelle, libelleCourt, prix, adulte, sexe, idTypeProduit, idNatureAliment, idNatureFourniture, idNatureVetement)VALUES ('A',  '21', 'Lentilles corail\r\nPeut contenir des céréales contenant du gluten.', 'Lentilles corail la boîte de 5kg', 'Lentilles corail 5kg', '4.5', NULL, NULL, '1', '1', NULL, NULL);

INSERT INTO produit ( typeProduit, id, description, libelle, libelleCourt, prix, adulte, sexe, idTypeProduit, idNatureAliment, idNatureFourniture, idNatureVetement)VALUES ('A',  '22', 'Pois cassés. Peut contenir des traces de gluten', 'Pois cassé 1kg', 'Pois cassé la boite de 1kg', '1.8', NULL, NULL, '1', '1', NULL, NULL);
INSERT INTO produit ( typeProduit, id, description, libelle, libelleCourt, prix, adulte, sexe, idTypeProduit, idNatureAliment, idNatureFourniture, idNatureVetement)VALUES ('A',  '23', 'Pois cassés. Peut contenir des traces de gluten', 'Pois cassé 2kg', 'Pois cassé la boite de 2kg', '3.5', NULL, NULL, '1', '1', NULL, NULL); 
INSERT INTO produit ( typeProduit, id, description, libelle, libelleCourt, prix, adulte, sexe, idTypeProduit, idNatureAliment, idNatureFourniture, idNatureVetement)VALUES ('A',  '24', 'Pois cassés. Peut contenir des traces de gluten', 'Pois cassé 5kg', 'Pois cassé la boite de 5kg', '4.5', NULL, NULL, '1', '1', NULL, NULL); 
 
INSERT INTO produit ( typeProduit, id, description, libelle, libelleCourt, prix, adulte, sexe, idTypeProduit, idNatureAliment, idNatureFourniture, idNatureVetement)VALUES ('A',  '25', '100% pois chiches. Trace de BLE possible par contamination croisée.', 'Pois chiches très gros \r\nle paquet de 1 kg', 'Pois chiches le paquet de 1 kg', '2.60', '', NULL, '1', '1', NULL, NULL);
INSERT INTO produit ( typeProduit, id, description, libelle, libelleCourt, prix, adulte, sexe, idTypeProduit, idNatureAliment, idNatureFourniture, idNatureVetement)VALUES ('A',  '26', '100% pois chiches. Trace de BLE possible par contamination croisée.', 'Pois chiches très gros \r\nle paquet de 2 kg', 'Pois chiches le paquet de 2 kg', '3.1', NULL, NULL, '1', '1', NULL, NULL);
INSERT INTO produit ( typeProduit, id, description, libelle, libelleCourt, prix, adulte, sexe, idTypeProduit, idNatureAliment, idNatureFourniture, idNatureVetement)VALUES ('A',  '27', '100% pois chiches. Trace de BLE possible par contamination croisée.', 'Pois chiches très gros \r\nle paquet de 5 kg', 'Pois chiches le paquet de 5 kg', '5', NULL, NULL, '1', '1', NULL, NULL);

INSERT INTO produit ( typeProduit, id, description, libelle, libelleCourt, prix, adulte, sexe, idTypeProduit, idNatureAliment, idNatureFourniture, idNatureVetement)VALUES ('A',  '28', 'Huile végétale cuisson et assaisonnement.\r\nhuile de colza', 'Huile de colza la bouteille d\ 1L', 'Huile de colza 1L', '1.1', NULL, NULL, '1', '3', NULL, NULL);
INSERT INTO produit ( typeProduit, id, description, libelle, libelleCourt, prix, adulte, sexe, idTypeProduit, idNatureAliment, idNatureFourniture, idNatureVetement)VALUES ('A',  '29', 'Huile végétale cuisson et assaisonnement.\r\nhuile de colza', 'Huile de colza la bouteille d\ 3L', 'Huile de colza 3L', '3.5', NULL, NULL, '1', '3', NULL, NULL);
INSERT INTO produit ( typeProduit, id, description, libelle, libelleCourt, prix, adulte, sexe, idTypeProduit, idNatureAliment, idNatureFourniture, idNatureVetement)VALUES ('A',  '30', 'Huile contenant exclusivement des huiles d’olive ayant subi un traitement de raffinage et des huiles obtenues directement des olives ', 'Huile d\ olive\r\nla bouteille d\1L', 'Huile d\olive 1L', '4', NULL, NULL, '1', '3', NULL, NULL);
INSERT INTO produit ( typeProduit, id, description, libelle, libelleCourt, prix, adulte, sexe, idTypeProduit, idNatureAliment, idNatureFourniture, idNatureVetement)VALUES ('A',  '31', 'Huile contenant exclusivement des huiles d’olive ayant subi un traitement de raffinage et des huiles obtenues directement des olives ', 'Huile d\olive\r\nla bouteille d\3L', 'Huile d\olive 3L', '8', NULL, NULL, '1', '3', NULL, NULL);

INSERT INTO produit ( typeProduit, id, description, libelle, libelleCourt, prix, adulte, sexe, idTypeProduit, idNatureAliment, idNatureFourniture, idNatureVetement)VALUES ('A', '32', 'Purée de pommes de terre aux pois chiches, Pomme de terre* 57,6%, pois chiches* 37,5%, sel de mer, maltodextrine*, huile de tournesol*, sucre de canne*, panais*, oignons*, tomates*, caramel* (sucre*, eau), huile de colza*, ail*, poivre*, curcuma*.', 'Purée de pois chiches les 4 sachets de 125g', 'Purée de pois chiches ', '3', NULL, NULL, '1', '4', NULL, NULL);
INSERT INTO produit ( typeProduit, id, description, libelle, libelleCourt, prix, adulte, sexe, idTypeProduit, idNatureAliment, idNatureFourniture, idNatureVetement)VALUES ('A', '33', 'Purée de pomme de terre déshydratée et pois cassé\r\nIngrédients: Pomme de terre 65%, pois cassé 17%, CREME en poudre, tomate, sel, BEURRE concentré, curry Madras, ail, curcuma, colorant : caroténoïdes ; arômes', 'Purée en flocons pois cassé\r\nles 4 sachets de 100 g', 'Purée pois cassé 4 sachets de 100 g', '3', NULL, NULL, '1', '4', NULL, NULL);
INSERT INTO produit ( typeProduit, id, description, libelle, libelleCourt, prix, adulte, sexe, idTypeProduit, idNatureAliment, idNatureFourniture, idNatureVetement)VALUES ('A', '34', 'Ingrédients: Pomme de terre 99%, émulsifiant : mono- et diglycérides d\ acides gras (issu du colza) ; arômes, épice, antioxydant : extraits de romarin. Peut contenir du lait.', 'Purée en flocons nature Mousline\r\nles 4 sachets de 130 g', 'Purée en flocons nature Mousline\r\n', '2', NULL, NULL, '1', '4', NULL, NULL); 

INSERT INTO produit ( typeProduit, id, description, libelle, libelleCourt, prix, adulte, sexe, idTypeProduit, idNatureAliment, idNatureFourniture, idNatureVetement)VALUES ('A', '35', 'Mélange de légumes\r\nLégumes (carottes, haricots verts coupés, pommes de terre, flageolets verts), eau, sel, bouillon de volaille. arôme naturel d\ épices, arôme naturel.', 'Jardinière 4 légumes la boite de 510 g net égoutté', 'Jardinière 4 légumes 510g net ', '1.79', NULL, NULL, '1', '5', NULL, NULL);
INSERT INTO produit ( typeProduit, id, description, libelle, libelleCourt, prix, adulte, sexe, idTypeProduit, idNatureAliment, idNatureFourniture, idNatureVetement)VALUES ('A', '36', 'Haricots verts très fins\r\nHaricots verts très fins, eau, sel.', 'Haricots verts très fins\r\nla boite de 440g net égoutté', 'Haricots verts 440g net ', '0.85', NULL, NULL, '1', '5', NULL, NULL);
INSERT INTO produit ( typeProduit, id, description, libelle, libelleCourt, prix, adulte, sexe, idTypeProduit, idNatureAliment, idNatureFourniture, idNatureVetement)VALUES ('A', '37', 'Petits pois très fins et carottes à l\ étuvée.\r\nlégumes (carottes 32%, petits pois 30%)\r\neau, sucre, sel .arôme naturel d\ épices', 'Petits pois carottes à l\ étuvée\r\nla boîte de 530g net égoutté', 'Petits pois carottes 530g net ', '0.93', NULL, NULL, '1', '5', NULL, NULL);
INSERT INTO produit ( typeProduit, id, description, libelle, libelleCourt, prix, adulte, sexe, idTypeProduit, idNatureAliment, idNatureFourniture, idNatureVetement)VALUES ('A', '38', 'Epinards hachés\r\nEpinards 97,7%, eau, sel.', 'Epinards hachés \r\nla boite de 395g', 'Epinards hachés \r\nla boite de 395g', '0.76', NULL, NULL, '1', '5', NULL, NULL);
INSERT INTO produit ( typeProduit, id, description, libelle, libelleCourt, prix, adulte, sexe, idTypeProduit, idNatureAliment, idNatureFourniture, idNatureVetement)VALUES ('A', '39', 'Petits pois extra-fins à l\ étuvée\r\nPetits pois extra-fins, eau, sucre, sel, arôme naturel.', 'Petits pois extra-fins \r\nla boite de 560 g net égoutté', 'Petits pois extra-fins 560 g ', '1.16', NULL, NULL, '1', '5', NULL, NULL);
INSERT INTO produit ( typeProduit, id, description, libelle, libelleCourt, prix, adulte, sexe, idTypeProduit, idNatureAliment, idNatureFourniture, idNatureVetement)VALUES ('A', '40', 'Flageolets verts extra fins\r\nFlageolets verts extra fins, eau, sel.', 'Flageolets extra-fins Carrefour\r\nla boite de 530 g net égoutté', 'Flageolets extra-fins 530 g net ', '1.22', NULL, NULL, '1', '5', NULL, NULL);
INSERT INTO produit ( typeProduit, id, description, libelle, libelleCourt, prix, adulte, sexe, idTypeProduit, idNatureAliment, idNatureFourniture, idNatureVetement)VALUES ('A', '41', 'Haricots blancs.\r\nharicots blancs secs trempés, eau, sel', 'Haricots blancs Carrefour\r\nla boîte de 530g net égoutté', 'Haricots blancs 530g net égoutté', '1', NULL, NULL, '1', '5', NULL, NULL);
 
INSERT INTO produit ( typeProduit, id, description, libelle, libelleCourt, prix, adulte, sexe, idTypeProduit, idNatureAliment, idNatureFourniture, idNatureVetement)VALUES ('A', '42', 'Légumes en proportion variable 78% (courgettes, tomates, oignons, aubergines, poivrons), eau, double concentré de tomates 4%, amidon modifié de maïs, sucre, huile de colza, sel, huile d\ olive vierge extra 0,5%, ail 0,4%, jus concentré de citron, thym.', 'Légumes cuisinés ratatouille \r\nla boite de 750g', 'Ratatouille 750g', '1.4', NULL, NULL, '1', '7', NULL, NULL);
INSERT INTO produit ( typeProduit, id, description, libelle, libelleCourt, prix, adulte, sexe, idTypeProduit, idNatureAliment, idNatureFourniture, idNatureVetement)VALUES ('A', '43', 'Mélange de légumes cuisinés pour couscous\r\nLégumes en proportion variable 55% (carottes, courgettes, pois chiches secs trempés, navets, poivrons rouges), eau, double concentré de tomates, sel, huile de colza, amidon modifié de maïs, épices, piment fort.', 'Légumes cuisinés à l\ orientale pour couscous \r\nla boite de 800g', 'Légumes cuisinés pour couscous 800g', '1.25', NULL, NULL, '1', '7', NULL, NULL);
INSERT INTO produit ( typeProduit, id, description, libelle, libelleCourt, prix, adulte, sexe, idTypeProduit, idNatureAliment, idNatureFourniture, idNatureVetement)VALUES ('A', '44', 'Haricots blancs à la tomate.\r\nharicots blancs, eau, double concentré de tomate 1,4%\r\namidon modifié de maïs,sel, poudre d\ oignon\r\narômes (extraits d\ épices, d\ oignon, d\ ail et d\ herbes)', 'Haricots blancs à la tomate Carrefour\r\nla boîte de 530g net égoutté', 'Haricots blancs à la tomate 530g net ', '1.07', NULL, NULL, '1', '7', NULL, NULL);
INSERT INTO produit ( typeProduit, id, description, libelle, libelleCourt, prix, adulte, sexe, idTypeProduit, idNatureAliment, idNatureFourniture, idNatureVetement)VALUES ('A', '45', 'Lentilles cuisinées: Eau, lentilles précuites 38%, couenne, saindoux, oignon, arômes naturels, farine de BLE, graisse de canard, carotte, sel, sucre, ail en poudre, CELERI en poudre. ', 'Légumes cuisinés lentilles\r\nla boite de 410 g', 'lentilles cuisinés 410 g', '1.25', NULL, NULL, '1', '7', NULL, NULL);
INSERT INTO produit ( typeProduit, id, description, libelle, libelleCourt, prix, adulte, sexe, idTypeProduit, idNatureAliment, idNatureFourniture, idNatureVetement)VALUES ('A', '46', 'Sauce : eau, purée de tomates mi-réduite et tomate pelée, légumes \r\nPâte : semoule de blé dur, eau. Farce\r\nviande bovine, chapelure , semoule de blé dur , légumes (carottes, oignons), sel, basilic, arôme naturel, huile de tournesol.', 'Ravioli pur boeuf boite de 400g', 'Ravioli pur boeuf 400g', '1', NULL, NULL, '1', '7', NULL, NULL);
 
INSERT INTO produit ( typeProduit, id, description, libelle, libelleCourt, prix, adulte, sexe, idTypeProduit, idNatureAliment, idNatureFourniture, idNatureVetement)VALUES ('A', '47', 'Avant ouverture, à conserver à température ambiante, à l\ abri de la lumière et de la chaleur\r\nAprès ouverture, à conserver au réfrigérateur et à consommer rapidement.\r\nServez frais sur une tranche de pain', 'Pâté terrine de campagne Carrefour\r\nle pot de 180 g', 'Pâté terrine de campagne 180 g', '1.2', NULL, NULL, '1', '6', NULL, NULL);
INSERT INTO produit ( typeProduit, id, description, libelle, libelleCourt, prix, adulte, sexe, idTypeProduit, idNatureAliment, idNatureFourniture, idNatureVetement)VALUES ('A', '48', 'Manchons de canard, graisse de canard, sel', 'Plat cuisiné confit manchons canard la boite de 750 g net égoutté', 'Plat cuisiné confit manchons canard \r\nla boite de 750 g net ', '5', NULL, NULL, '1', '6', NULL, NULL);
INSERT INTO produit ( typeProduit, id, description, libelle, libelleCourt, prix, adulte, sexe, idTypeProduit, idNatureAliment, idNatureFourniture, idNatureVetement)VALUES ('A', '49', 'Pâtés de foie de qualité supérieure\r\nGras de porc, foie de porc 30%, eau, couenne de porc, farine de BLE, oignon, sel, arôme, ail, muscade en poudre, antioxydant : acide ascorbique, conservateur : nitrite de sodium.', 'Pâté de foie \r\nles 4 boites de 80 g', 'Pâté de foie \r\n', '2.07', NULL, NULL, '1', '6', NULL, NULL);
INSERT INTO produit ( typeProduit, id, description, libelle, libelleCourt, prix, adulte, sexe, idTypeProduit, idNatureAliment, idNatureFourniture, idNatureVetement)VALUES ('A', '50', 'Gorge de porc, viande de canard 30%, foie de porc, poivre vert 2%, farine de riz, sel, protéines de lait, oeufs en poudre, lait en poudre, oignons, poivre.', 'Terrine canard au poivre\r\nle bocal de 180 g', 'Terrine canard au poivre ', '2.57', NULL, NULL, '1', '6', NULL, NULL);
INSERT INTO produit ( typeProduit, id, description, libelle, libelleCourt, prix, adulte, sexe, idTypeProduit, idNatureAliment, idNatureFourniture, idNatureVetement)VALUES ('A', '51', 'viande de bœuf 57% ( origine UE), abats, sel, conservateur ( nitrite de sodium)', 'Pâté Corned beef Tulip\r\nla boite de 342 g', 'Pâté Corned beef ', '2.46', NULL, NULL, '1', '6', NULL, NULL);
INSERT INTO produit ( typeProduit, id, description, libelle, libelleCourt, prix, adulte, sexe, idTypeProduit, idNatureAliment, idNatureFourniture, idNatureVetement)VALUES ('A', '52', 'Délice de jambon 200 g - préparation à base de jambon haché(41%), porc (14%), gras de porc, eau,couenne de porc,viande deporc séparée mécaniquement ( 8%), amidon, sel, protéines de LAIT, stabilisant (E451), antioxygène (E301), conservateur (250).', 'Pâté Délice de jambon haché Tulip\r\nla boite de 200 g', 'Pâté Délice de jambon haché ', '1.3', NULL, NULL, '1', '6', NULL, NULL);
INSERT INTO produit ( typeProduit, id, description, libelle, libelleCourt, prix, adulte, sexe, idTypeProduit, idNatureAliment, idNatureFourniture, idNatureVetement)VALUES ('A', '53', 'Thon albacore entier au naturel\r\nTHON ALBACORE (Thunus albacares), eau, sel.', 'Thon albacore entier au naturel Carrefour\r\nles 3 boites de 56g net égoutté', 'Thon albacore entier au naturel ', '2.59', NULL, NULL, '1', '6', NULL, NULL);
INSERT INTO produit ( typeProduit, id, description, libelle, libelleCourt, prix, adulte, sexe, idTypeProduit, idNatureAliment, idNatureFourniture, idNatureVetement)VALUES ('A', '54', 'Filets de maquereaux nature\r\nFilets de MAQUEREAUX (99%), sel.', 'Filets de maquereaux les 3 boites de 110 g', 'Filets de maquereaux ', '3', NULL, NULL, '1', '6', NULL, NULL);

INSERT INTO produit ( typeProduit, id, description, libelle, libelleCourt, prix, adulte, sexe, idTypeProduit, idNatureAliment, idNatureFourniture, idNatureVetement)VALUES ('A', '55', 'Farine de BLE 85%, sucre, levure, huile de colza, sel, gluten de BLE, levure désactivée, agent de traitement de la farine : acide ascorbique.\r\nPeut contenir des traces d\ œufs, de lait et de graines de sésame', 'Biscottes au froment \r\nla boite de 800 g', 'Biscottes au froment 800 g', '1.65', NULL, NULL, '1', '8', NULL, NULL);
INSERT INTO produit ( typeProduit, id, description, libelle, libelleCourt, prix, adulte, sexe, idTypeProduit, idNatureAliment, idNatureFourniture, idNatureVetement)VALUES ('A', '56', 'Pétales de maïs allégés en sucre enrichis en vitamines et fer:\r\nMaïs 75%, sucre 22%, sel, extrait de malt d\ ORGE.\r\nPeut contenir des traces d\ arachides, de fruits à coque, de produits laitiers et de produits à base de soja.', 'Céréales Pétales de maïs\r\nla boite de 750 g', 'Céréales Pétales de maïs\r\n', '1.96', NULL, NULL, '1', '8', NULL, NULL);
INSERT INTO produit ( typeProduit, id, description, libelle, libelleCourt, prix, adulte, sexe, idTypeProduit, idNatureAliment, idNatureFourniture, idNatureVetement)VALUES ('A', '57', 'Pétales à base de blé, extrudés et cacaotés.\r\nfarine de BLÉ 45%,sucre,farine complète de BLÉ 22%, cacao maigre en poudre 6%,sirop de glucose, sel, huile de tournesol cannelle,arôme', 'Céréales pétales de blé goût chocolat\r\nla boîte de 750g', 'Céréales pétales de blé goût chocolat', '1.79', NULL, NULL, '1', '8', NULL, NULL);
INSERT INTO produit ( typeProduit, id, description, libelle, libelleCourt, prix, adulte, sexe, idTypeProduit, idNatureAliment, idNatureFourniture, idNatureVetement)VALUES ('A', '58', 'CONFITURE EXTRA DE FRAISES\r\nFraises, sucre, sucre roux de canne, jus de citrons concentré, gélifiant : pectine de fruits', 'Confiture fraises le pot de 320 g', 'Confiture fraises 320 g', '1.17', NULL, NULL, '1', '8', NULL, NULL);
INSERT INTO produit ( typeProduit, id, description, libelle, libelleCourt, prix, adulte, sexe, idTypeProduit, idNatureAliment, idNatureFourniture, idNatureVetement)VALUES ('A', '59', 'CONFITURE EXTRA ABRICOTS\r\nAbricots, sucre, sucre roux de canne, jus de citrons concentré, gélifiant : pectine de fruits.\r\nMalgré tous nos soins, cette confiture peut contenir des noyaux.', 'Confiture abricots le pot de 320 g', 'Confiture abricots 320 g', '1.05', NULL, NULL, '1', '8', NULL, NULL);
INSERT INTO produit ( typeProduit, id, description, libelle, libelleCourt, prix, adulte, sexe, idTypeProduit, idNatureAliment, idNatureFourniture, idNatureVetement)VALUES ('A', '60', 'Sucre en poudre\r\nIngrédients: sucre', 'Sucre en poudre le sachet de 1 kg', 'Sucre en poudre ', '0.7', NULL, NULL, '1', '8', NULL, NULL);
INSERT INTO produit ( typeProduit, id, description, libelle, libelleCourt, prix, adulte, sexe, idTypeProduit, idNatureAliment, idNatureFourniture, idNatureVetement)VALUES ('A', '61', 'Sucre en morceaux Ingrédients: sucre', 'Sucre en morceaux la boîte de 1kg', 'Sucre en morceaux', '0.75', NULL, NULL, '1', '8', NULL, NULL);
INSERT INTO produit ( typeProduit, id, description, libelle, libelleCourt, prix, adulte, sexe, idTypeProduit, idNatureAliment, idNatureFourniture, idNatureVetement)VALUES ('A', '62', 'A conserver à l\ abri de la chaleur et de l\ humidité. Une fois entamé conservez le paquet au réfrigérateur.', 'Café moulu familial les 4 paquets de 250 g', 'Café moulu familial ', '3.5', NULL, NULL, '1', '8', NULL, NULL);

/*------------------------------------------------------------------------- PRODUIT FOURNITURE ---------------------------------------------------------------------------------------------------------------------------------------------------------------------------------------------------- */

INSERT INTO produit ( typeProduit, id, description, libelle, libelleCourt, prix, adulte, sexe, idTypeProduit, idNatureAliment, idNatureFourniture, idNatureVetement)VALUES ('F', '63', 'Lot de 50 stylos bille Crystal de couleur bleue.\r\nCaractéristiques :\r\n- Encre de qualité, séchage rapide et écriture douce\r\n- Bille en carbure de tungstène, parfaitement sphérique et très résistante\r\n\- Pointe moyenne : 1,0 mm, largeur de pointe 0,4 mm', 'Lot de 50 stylos bille Cristal - Bleu', 'Lot de 50 stylos Bleu', '7', NULL, NULL, '3', NULL, '2', NULL);
INSERT INTO produit ( typeProduit, id, description, libelle, libelleCourt, prix, adulte, sexe, idTypeProduit, idNatureAliment, idNatureFourniture, idNatureVetement)VALUES ('F', '64', 'Caractéristiques :\r\n- Quantité : 3 cahiers\r\n- Nombre de pages : 96\r\n- Réglure Grands carreaux \r\n- Gramme papier 90 g ', 'Lot de 3 cahiers A4 - 96 pages - Grands carreaux - 21 x 29,7 cm', 'Lot de 3 cahiers A4-21 x 29,7 cm', '5', NULL, NULL, '3', NULL, '2', NULL);
INSERT INTO produit ( typeProduit, id, description, libelle, libelleCourt, prix, adulte, sexe, idTypeProduit, idNatureAliment, idNatureFourniture, idNatureVetement)VALUES ('F', '65', 'Caractéristiques :\r\n- Quantité : 3 cahiers\r\n- Nombre de pages : 96\r\n- Réglure Grands carreaux Séyès en 2 couleurs pour une meilleure lisibilité \r\n- Gramme papier 90 g \r\n- Format A5+ : 17 x 22 cm\r\n- Couverture cartonnée\r\n- Assortiment de couleurs ', 'Lot de 3 cahiers - 96 pages - Grands carreaux - 17 x 22 cm', 'Lot de 3 cahiers - 17 x 22 cm', '2', NULL, NULL, '3', NULL, '3', NULL);
INSERT INTO produit ( typeProduit, id, description, libelle, libelleCourt, prix, adulte, sexe, idTypeProduit, idNatureAliment, idNatureFourniture, idNatureVetement)VALUES ('F', '66', 'Caractéristiques :\r\n- Quantité : 3 cahiers\r\n- Nombre de pages : 96\r\n- Réglure Grands carreaux Séyès en 2 couleurs pour une meilleure lisibilité \r\n- Gramme papier 90 g \r\n- Format A4+ : 24 x 32 cm\r\n- Couverture cartonnée\r\n- Assortiment de couleurs ', 'Lot de 3 cahiers - 96 pages - Grands carreaux Séyès - 24 x 32 cm', 'Lot de 3 cahiers - 24 x 32 cm', '7', NULL, NULL, '3', NULL, '3', NULL);
INSERT INTO produit ( typeProduit, id, description, libelle, libelleCourt, prix, adulte, sexe, idTypeProduit, idNatureAliment, idNatureFourniture, idNatureVetement)VALUES ('F', '67', 'Caractéristiques : Pochette de 12 crayons de couleur - TOP OFFICE\r\nPointe Moyenne\r\nQuantité 12\r\nMarque TOP OFFICE\r\nCouleur Assortiment de couleurs ', 'Pochette de 12 crayons de couleur', 'Pochette de 12 crayons de couleur', '1.91', NULL, NULL, '3', NULL, '2', NULL);
INSERT INTO produit ( typeProduit, id, description, libelle, libelleCourt, prix, adulte, sexe, idTypeProduit, idNatureAliment, idNatureFourniture, idNatureVetement)VALUES ('F', '68', 'Pochette de 24 feutres - TOP OFFICE - Feutres de coloriage- Pointe Moyenne', 'Pochette de 24 feutres - Feutres de coloriage- Pointe Moyenne', 'Pochette de 24 feutres', '2.66', NULL, NULL, '3', NULL, '2', NULL);
INSERT INTO produit ( typeProduit, id, description, libelle, libelleCourt, prix, adulte, sexe, idTypeProduit, idNatureAliment, idNatureFourniture, idNatureVetement)VALUES ('F', '69', 'Caractéristiques : Lot de 12 Feutres - TOP OFFICE - Pointe moyenne - Assortiment de couleurs\r\nPointe Moyenne\r\nMarque TOP OFFICE\r\nCouleur Assortiment de couleurs', 'Lot de 12 Feutres - Pointe moyenne - Assortiment de couleurs', 'Lot de 12 Feutres', '1.66', NULL, NULL, '3', NULL, '2', NULL);
INSERT INTO produit ( typeProduit, id, description, libelle, libelleCourt, prix, adulte, sexe, idTypeProduit, idNatureAliment, idNatureFourniture, idNatureVetement)VALUES ('F', '70', '', 'Lot de 10 tubes de gouache 10 ml + pinceau - Coloris assortis', 'Lot de 10 tubes de gouache 10 ml + pinceau', '4', NULL, NULL, '3', NULL, '2', NULL);
INSERT INTO produit ( typeProduit, id, description, libelle, libelleCourt, prix, adulte, sexe, idTypeProduit, idNatureAliment, idNatureFourniture, idNatureVetement)VALUES ('F', '71', 'Caractéristiques :\r\n- Largeur de tracé: fin\r\n- Corps transparent\r\n- Capuchon et extrémité à la couleur de l\encre\r\n- Mine en carbure de tungstène\r\n- Coloris : Noir, bleu, rouge et vert', 'Lot de 10 stylos bille cristal - 4 couleurs', 'Lot de 10 stylos bille cristal - 4 couleurs', '3.5', NULL, NULL, '3', NULL, '2', NULL);
INSERT INTO produit ( typeProduit, id, description, libelle, libelleCourt, prix, adulte, sexe, idTypeProduit, idNatureAliment, idNatureFourniture, idNatureVetement)VALUES ('F', '72', 'Caractéristiques :\r\n- Crayon graphite sans bois en résine de synthèse pour éviter les échardes en cas de casse et résiste au mordillage\r\n- Embout gomme\r\n- Forme hexagonale pour tenir facilement dans la main\r\n- Mine HB ultra solide\r\n- Produit recylcé à 50%', 'Lot de 8 crayons graphite HB évolution - Embout gomme', 'Lot de 8 crayons ', '2.3', NULL, NULL, '3', NULL, '2', NULL);
 
INSERT INTO produit ( typeProduit, id, description, libelle, libelleCourt, prix, adulte, sexe, idTypeProduit, idNatureAliment, idNatureFourniture, idNatureVetement)VALUES ('F', '73', 'Caractéristiques :\r\n- Coloris bleu\r\n- 4 stylos cristal soft\r\n- Pointe de taille moyenne\r\n- + 35% de douceur d\écriture en plus', 'Pochette de 4 stylos bille Cristal soft - Bleu', 'Pochette de 4 stylos bille Bleu', '1.82', NULL, NULL, '3', NULL, '2', NULL);
INSERT INTO produit ( typeProduit, id, description, libelle, libelleCourt, prix, adulte, sexe, idTypeProduit, idNatureAliment, idNatureFourniture, idNatureVetement)VALUES ('F', '74', 'Caractéristiques :\r\n- Coloris vert\r\n- 4 stylos cristal soft\r\n- Pointe de taille moyenne\r\n- + 35% de douceur d\écriture en plus', 'Pochette de 4 stylos bille Cristal soft- vert', 'Pochette de 4 stylos bille Cristal soft - vert', '1.82', NULL, NULL, '3', NULL, '2', NULL);
INSERT INTO produit ( typeProduit, id, description, libelle, libelleCourt, prix, adulte, sexe, idTypeProduit, idNatureAliment, idNatureFourniture, idNatureVetement)VALUES ('F', '75', 'Caractéristiques :\r\n- Coloris noir\r\n- 4 stylos cristal soft\r\n- Pointe de taille moyenne\r\n- + 35% de douceur d\écriture en plus', 'Pochette de 4 stylos bille Cristal soft - noir', 'Pochette de 4 stylos bille noir', '1.82', NULL, NULL, '3', NULL, '2', NULL);
INSERT INTO produit ( typeProduit, id, description, libelle, libelleCourt, prix, adulte, sexe, idTypeProduit, idNatureAliment, idNatureFourniture, idNatureVetement)VALUES ('F', '76', 'Caractéristiques :\r\n- Coloris rouge\r\n- 4 stylos cristal soft\r\n- Pointe de taille moyenne\r\n- + 35% de douceur d\écriture en plus', 'Pochette de 4 stylos bille Cristal soft - rouge', 'Pochette de 4 stylos bille rouge', '1.82', NULL, NULL, '3', NULL, '2', NULL);
INSERT INTO produit ( typeProduit, id, description, libelle, libelleCourt, prix, adulte, sexe, idTypeProduit, idNatureAliment, idNatureFourniture, idNatureVetement)VALUES ('F', '77', 'Caractéristiques du sac à dos :\r\n- Ce sac à dos 1 compartiment est idéal pour démarrer la rentrée scolaire.\r\n- Il vous permet de ranger des formats de type 24x32 cm ou A4 \r\n- Sur l\avant, retrouvez une poche zip afin de ranger les petites affaires.', 'Sac à dos - 1 compartiment - couleur', 'Sac à dos - 1 compartiment ', '25', NULL, NULL, '3', NULL, '4', NULL);
INSERT INTO produit ( typeProduit, id, description, libelle, libelleCourt, prix, adulte, sexe, idTypeProduit, idNatureAliment, idNatureFourniture, idNatureVetement)VALUES ('F', '78', 'Caractéristiques : \r\n- Deux compartiments intérieurs doublés et poches frontales zippées\r\n- Fermeture par rabat et deux attaches\r\n- Bretelles matelassées et réglables\r\n- Dos matelassé et rembourré pour un meilleur confort', 'Cartable gris - 2 compartiments - 41 cm', 'Cartable gris - 2 compartiments', '20', NULL, NULL, '3', NULL, '4', NULL);
INSERT INTO produit ( typeProduit, id, description, libelle, libelleCourt, prix, adulte, sexe, idTypeProduit, idNatureAliment, idNatureFourniture, idNatureVetement)VALUES ('F', '79', 'Caractéristiques : \r\n- Un compartiment et une pochette frontale zippés\r\n- Bretelles matelassées et poignée de portage \r\n- Mixte : existe en 2 modèles (bleu, rose)\r\n- Dimensions : 30 x 22 x 12 cm', 'Petit sac à dos Maternelle - 1 compartiment', 'Petit sac à dos - 1 compartiment', '15', NULL, NULL, '3', NULL, '4', NULL);
INSERT INTO produit ( typeProduit, id, description, libelle, libelleCourt, prix, adulte, sexe, idTypeProduit, idNatureAliment, idNatureFourniture, idNatureVetement)VALUES ('F', '80', 'Caractéristiques :\r\n- Deux compartiments pour ranger l\ensemble de vos fournitures scolaires\r\n- Trousse en tissu \r\n- Coloris au choix', 'Trousse scolaire fourre-tout rectangulaire - 2 compartiments', 'Trousse scolaire 2 compartiments', '2.5', NULL, NULL, '3', NULL, '4', NULL);
INSERT INTO produit ( typeProduit, id, description, libelle, libelleCourt, prix, adulte, sexe, idTypeProduit, idNatureAliment, idNatureFourniture, idNatureVetement)VALUES ('F', '81', 'Caractéristiques de la trousse :\r\n- Trousse fourre-tout ronde.\r\n- Correspond aux filles et aux garçons.\r\n- Plusieurs couleurs disponibles.\r\n- Dimensions du produit : longueur 19 cm x largeur 5 cm x hauteur 5 cm.\r\n', 'Trousse scolaire ronde petit modèle ', 'Trousse scolaire ronde petit modèle ', '1.66', NULL, NULL, '3', NULL, '4', NULL);
INSERT INTO produit ( typeProduit, id, description, libelle, libelleCourt, prix, adulte, sexe, idTypeProduit, idNatureAliment, idNatureFourniture, idNatureVetement)VALUES ('F', '82', 'Caractéristiques :\r\n- Idéal pour un usage quotidien et une fixation durable\r\n- Contenance : 10g\r\n- Quantité : 5\r\n- La colle est permanente, ajustable et repositionnable\r\n- Utilisable sur de multiples supports', 'Lot de 5 bâtons de colle - 10g', 'Lot de 5 bâtons de colle - 10g', '2.99', NULL, NULL, '3', NULL, '1', NULL);
INSERT INTO produit ( typeProduit, id, description, libelle, libelleCourt, prix, adulte, sexe, idTypeProduit, idNatureAliment, idNatureFourniture, idNatureVetement)VALUES ('F', '83', 'Caractéristiques des bâtons de colle :\r\n- Facile à étaler , glisse parfaitement sur le support.\r\n- Colle propre et rapide du papier et du carton.\r\n- Bouchon à vis exclusif : garantie anti-séchage (la colle ne sèche pas à l\ intérieur).', 'Lot de 24 bâtons de colle - 8g le tube', 'Lot de 24 bâtons de colle', '18.54', NULL, NULL, '3', NULL, '1', NULL);
INSERT INTO produit ( typeProduit, id, description, libelle, libelleCourt, prix, adulte, sexe, idTypeProduit, idNatureAliment, idNatureFourniture, idNatureVetement)VALUES ('F', '84', 'Caracteristiques des ciseaux :\r\n- Taille de la lame : 17 cm\r\n- Anneaux bi-matière\r\n- Lames en inox\r\n- Bouts ronds pour plus de sécurité \r\n- Coloris noir/vert', 'Ciseaux en inox - 17cm', 'Ciseaux en inox - 17cm', '2.49', NULL, NULL, '3', NULL, '1', NULL);
INSERT INTO produit ( typeProduit, id, description, libelle, libelleCourt, prix, adulte, sexe, idTypeProduit, idNatureAliment, idNatureFourniture, idNatureVetement)VALUES ('F', '85', 'Dimensions produits (HxL) 5,2 x39,5 x0,35\r\nLongueur 30 cm\r\nType de produit Triple\r\nMatière Plastique\r\nCouleur Coloris assortis\r\nIncassable Oui\r\nCouleur Assortiment de couleurs', 'Règle souple TwistFlex - 30 cm - divers coloris', 'Règle souple Twist\'N\'Flex - 30 cm ', '1.99', NULL, NULL, '3', NULL, '1', NULL);
INSERT INTO produit ( typeProduit, id, description, libelle, libelleCourt, prix, adulte, sexe, idTypeProduit, idNatureAliment, idNatureFourniture, idNatureVetement)VALUES ('F', '86', 'Caractéristiques :\r\n- Lot de 4\r\n- Fabriqué en France\r\n- Plastique', 'Lot de 4 gommes ', 'Lot de 4 gommes ', '1.91', NULL, NULL, '3', NULL, '1', NULL);
INSERT INTO produit ( typeProduit, id, description, libelle, libelleCourt, prix, adulte, sexe, idTypeProduit, idNatureAliment, idNatureFourniture, idNatureVetement)VALUES ('F', '87', 'Caractéristiques :\r\n- Taille crayon avec réservoir\r\n- Un trou\r\n- Idéal pour la trousse\r\n- Coloris bleu\r\n- Le meilleur rapport qualité/prix', 'Taille-crayon - 1 trou - Avec réservoir', 'Taille-crayon ', '1.24', NULL, NULL, '3', NULL, '1', NULL);
INSERT INTO produit ( typeProduit, id, description, libelle, libelleCourt, prix, adulte, sexe, idTypeProduit, idNatureAliment, idNatureFourniture, idNatureVetement)VALUES ('F', '88', 'Caractéristiques :\r\n- Ardoise en pierre, avec un cadre en bois\r\n- Dimensions 18 x 26 cm\r\n- 2 faces dont 1 quadrillée 10 mm x 10 mm\r\n- Pour craie ou feutre craie', 'Ardoise noire - 18x26 cm - Cadre bois', 'Ardoise noire', '2.5', NULL, NULL, '3', NULL, '2', NULL);
INSERT INTO produit ( typeProduit, id, description, libelle, libelleCourt, prix, adulte, sexe, idTypeProduit, idNatureAliment, idNatureFourniture, idNatureVetement)VALUES ('F', '89', 'Caractéristiques :\r\n- Une face unie pour le dessin et l\autre quadrillée pour l\écriture\r\n- Design ludique et ergonomique pour les enfants\r\n- Bord plastiques larges\r\n- Double face\r\n- 20x31 cm', 'Ardoise blanche Velleda + effacette + feutre - 20x31 cm - Double face', 'Ardoise blanche Velleda + effacette + feutre -  20x31 cm - Double face', '2.5', NULL, NULL, '3', NULL, '2', NULL);
INSERT INTO produit ( typeProduit, id, description, libelle, libelleCourt, prix, adulte, sexe, idTypeProduit, idNatureAliment, idNatureFourniture, idNatureVetement)VALUES ('F', '90', 'Caractéristiques :\r\n- Boîte de 10 craies\r\n- Assortiment de couleurs\r\n- Idéales pour être utilisées sur tableau noir ou peinture ardoise\r\n- Format adapté au cartable ou à la trousse', 'Boîte de 10 craies - Assortiment de couleurs', 'Boîte de 10 craies - Assortiment de couleurs', '0.91', NULL, NULL, '3', NULL, '2', NULL);
INSERT INTO produit ( typeProduit, id, description, libelle, libelleCourt, prix, adulte, sexe, idTypeProduit, idNatureAliment, idNatureFourniture, idNatureVetement)VALUES ('F', '91', 'Caractéristiques :\r\n- Lot de 10 craies\r\n- Coloris blanc\r\n- Idéales pour écrire sur tableau noir ou peinture ardoise\r\n- Petit format facilement transportable dans le cartable', 'Boîte de 10 craies - Blanc', 'Boîte de 10 craies - Blanc', '0.91', NULL, NULL, '3', NULL, '2', NULL);
INSERT INTO produit ( typeProduit, id, description, libelle, libelleCourt, prix, adulte, sexe, idTypeProduit, idNatureAliment, idNatureFourniture, idNatureVetement)VALUES ('F', '92', 'Caractéristiques :\r\n- Standard qualité supérieure\r\n- Ne crisse pas sur le tableau\r\n- Traitées anti poussière\r\n- Boîte grand format', 'Boîte de 100 craies - Assortiment de couleurs', 'Boîte de 100 craies - couleurs', '7.66', NULL, NULL, '3', NULL, '2', NULL);
INSERT INTO produit ( typeProduit, id, description, libelle, libelleCourt, prix, adulte, sexe, idTypeProduit, idNatureAliment, idNatureFourniture, idNatureVetement)VALUES ('F', '93', 'Caractéristiques :\r\n- Ne crisse pas sur le tableau\r\n- Traitées anti poussière\r\n- Boîte de 100 craies\r\n- Forme cylindrique', 'Boîte de 100 craies - Blanc', 'Boîte de 100 craies - Blanc', '5.74', NULL, NULL, '3', NULL, '2', NULL);
INSERT INTO produit ( typeProduit, id, description, libelle, libelleCourt, prix, adulte, sexe, idTypeProduit, idNatureAliment, idNatureFourniture, idNatureVetement)VALUES ('F', '94', 'Caractéristiques : Calculatrice de poche - TOP-OFFICE - 9x5 cm\r\nType de produit Poche\r\nAlimentation Pile\r\nMémoire Sans mémoire\r\nRouleau papier non\r\nCouleur Blanc\r\nEncreur non\r\nMarque TOP OFFICE\r\nCouleur Assortiment de couleurs\r\n', 'Calculatrice de poche - 9x5 cm', 'Calculatrice de poche', '2.32', NULL, NULL, '3', NULL, '5', NULL);
INSERT INTO produit ( typeProduit, id, description, libelle, libelleCourt, prix, adulte, sexe, idTypeProduit, idNatureAliment, idNatureFourniture, idNatureVetement)VALUES ('F', '95', 'Caractéristiques de la calculatrice :\r\n- Fonctions de base, fonctions évoluées\r\n- Simplifications des fractions- équations\r\n- Fonctions trigonométriques - Mémoires\r\n- Avec un étui de protection\r\n- Garantie pendant 3 ans', 'Calculatrice scientifique - Collège', 'Calculatrice scientifique ', '14.16', NULL, NULL, '3', NULL, '5', NULL);
INSERT INTO produit ( typeProduit, id, description, libelle, libelleCourt, prix, adulte, sexe, idTypeProduit, idNatureAliment, idNatureFourniture, idNatureVetement)VALUES ('F', '96', ' Caractéristiques et fonctionnalités : \r\n- Écran 5 lignes\r\n- Messages à l\écran, touches et menus en français\r\n- Écriture et affichage en 2D\r\n- Écriture scientifique\r\n- Décomposition en facteurs premiers\r\n- PGCD/PPCM\r\n- Simplification manuelle', 'Calculatrice scientifique - FX92 Collège 2D', 'Calculatrice scientifique Collège 2D', '18.74', NULL, NULL, '3', NULL, '5', NULL); 

/*------------------------------------------------------------------------- PRODUIT VESTIMENTAIRE ---------------------------------------------------------------------------------------------------------------------------------------------------------------------------------------------------- */

INSERT INTO produit ( typeProduit, description, libelle, libelleCourt, prix, adulte, sexe, idTypeProduit, idNatureAliment, idNatureFourniture, idNatureVetement)VALUES ('V', 'Basket taille Adulte pour Homme', 'Basket Homme', '', 15, TRUE, TRUE, '2', NULL, NULL, '1'); 
INSERT INTO produit ( typeProduit, description, libelle, libelleCourt, prix, adulte, sexe, idTypeProduit, idNatureAliment, idNatureFourniture, idNatureVetement)VALUES ('V', 'Basket taille Adulte pour Femme', 'Basket Femme', '', 15, TRUE, FALSE, '2', NULL, NULL, '1'); 
INSERT INTO produit ( typeProduit, description, libelle, libelleCourt, prix, adulte, sexe, idTypeProduit, idNatureAliment, idNatureFourniture, idNatureVetement)VALUES ('V', 'Basket taille Enfant pour Garçon', 'Basket Garcon', '', 10, FALSE, TRUE, '2', NULL, NULL, '1'); 
INSERT INTO produit ( typeProduit, description, libelle, libelleCourt, prix, adulte, sexe, idTypeProduit, idNatureAliment, idNatureFourniture, idNatureVetement)VALUES ('V', 'Basket taille Enfant pour Fille', 'Basket Fille', '', 10, FALSE, FALSE, '2', NULL, NULL, '1');

INSERT INTO produit ( typeProduit, description, libelle, libelleCourt, prix, adulte, sexe, idTypeProduit, idNatureAliment, idNatureFourniture, idNatureVetement)VALUES ('V', 'Bottes taille Adulte pour Homme', 'Bottes Homme', '', 13, TRUE, TRUE, '2', NULL, NULL, '1'); 
INSERT INTO produit ( typeProduit, description, libelle, libelleCourt, prix, adulte, sexe, idTypeProduit, idNatureAliment, idNatureFourniture, idNatureVetement)VALUES ('V', 'Bottes taille Adulte pour Femme', 'Bottes Femme', '', 13, TRUE, FALSE, '2', NULL, NULL, '1'); 
INSERT INTO produit ( typeProduit, description, libelle, libelleCourt, prix, adulte, sexe, idTypeProduit, idNatureAliment, idNatureFourniture, idNatureVetement)VALUES ('V', 'Bottes taille Enfant pour Garçon', 'Bottes Garcon', '', 7, FALSE, TRUE, '2', NULL, NULL, '1'); 
INSERT INTO produit ( typeProduit, description, libelle, libelleCourt, prix, adulte, sexe, idTypeProduit, idNatureAliment, idNatureFourniture, idNatureVetement)VALUES ('V', 'Bottes taille Enfant pour Fille', 'Bottes Fille', '', 7, FALSE, FALSE, '2', NULL, NULL, '1'); 

INSERT INTO produit ( typeProduit, description, libelle, libelleCourt, prix, adulte, sexe, idTypeProduit, idNatureAliment, idNatureFourniture, idNatureVetement)VALUES ('V', 'Sandales taille Adulte pour Homme', 'Sandales Homme', '', 5, TRUE, TRUE, '2', NULL, NULL, '1'); 
INSERT INTO produit ( typeProduit, description, libelle, libelleCourt, prix, adulte, sexe, idTypeProduit, idNatureAliment, idNatureFourniture, idNatureVetement)VALUES ('V', 'Sandales taille Adulte pour Femme', 'Sandales Femme', '', 5, TRUE, FALSE, '2', NULL, NULL, '1'); 
INSERT INTO produit ( typeProduit, description, libelle, libelleCourt, prix, adulte, sexe, idTypeProduit, idNatureAliment, idNatureFourniture, idNatureVetement)VALUES ('V', 'Sandales taille Enfant pour Garçon', 'Sandales Garcon', '', 3, FALSE, TRUE, '2', NULL, NULL, '1'); 
INSERT INTO produit ( typeProduit, description, libelle, libelleCourt, prix, adulte, sexe, idTypeProduit, idNatureAliment, idNatureFourniture, idNatureVetement)VALUES ('V', 'Sandales taille Enfant pour Fille', 'Sandales Fille', '', 3, FALSE, FALSE, '2', NULL, NULL, '1'); 

INSERT INTO produit ( typeProduit, description, libelle, libelleCourt, prix, adulte, sexe, idTypeProduit, idNatureAliment, idNatureFourniture, idNatureVetement)VALUES ('V', 'Caleçon taille Adulte', 'Caleçon Homme', '', 3, TRUE, TRUE, '2', NULL, NULL, '2'); 
INSERT INTO produit ( typeProduit, description, libelle, libelleCourt, prix, adulte, sexe, idTypeProduit, idNatureAliment, idNatureFourniture, idNatureVetement)VALUES ('V', 'Culotte taille Adulte', 'Culotte Femme', '', 3, TRUE, FALSE, '2', NULL, NULL, '2'); 
INSERT INTO produit ( typeProduit, description, libelle, libelleCourt, prix, adulte, sexe, idTypeProduit, idNatureAliment, idNatureFourniture, idNatureVetement)VALUES ('V', 'Caleçon taille Enfant', 'Caleçon Garcon', '', 2, FALSE, TRUE, '2', NULL, NULL, '2'); 
INSERT INTO produit ( typeProduit, description, libelle, libelleCourt, prix, adulte, sexe, idTypeProduit, idNatureAliment, idNatureFourniture, idNatureVetement)VALUES ('V', 'Culotte taille Enfant', 'Culotte Fille', '', 2, FALSE, FALSE, '2', NULL, NULL, '2');
INSERT INTO produit ( typeProduit, description, libelle, libelleCourt, prix, adulte, sexe, idTypeProduit, idNatureAliment, idNatureFourniture, idNatureVetement)VALUES ('V', 'Soutien-gorge taille Adulte', 'Soutien-gorge', '', 3, TRUE, FALSE, '2', NULL, NULL, '2'); 

INSERT INTO produit ( typeProduit, description, libelle, libelleCourt, prix, adulte, sexe, idTypeProduit, idNatureAliment, idNatureFourniture, idNatureVetement)VALUES ('V', 'Pantalon taille Adulte pour Homme', 'Pantalon Homme', '', 15, TRUE, TRUE, '2', NULL, NULL, '3'); 
INSERT INTO produit ( typeProduit, description, libelle, libelleCourt, prix, adulte, sexe, idTypeProduit, idNatureAliment, idNatureFourniture, idNatureVetement)VALUES ('V', 'Pantalon taille Adulte pour Femme', 'Pantalon Femme', '', 15, TRUE, FALSE, '2', NULL, NULL, '3'); 
INSERT INTO produit ( typeProduit, description, libelle, libelleCourt, prix, adulte, sexe, idTypeProduit, idNatureAliment, idNatureFourniture, idNatureVetement)VALUES ('V', 'Pantalon taille Enfant pour Garçon', 'Pantalon Garcon', '', 10, FALSE, TRUE, '2', NULL, NULL, '3'); 
INSERT INTO produit ( typeProduit, description, libelle, libelleCourt, prix, adulte, sexe, idTypeProduit, idNatureAliment, idNatureFourniture, idNatureVetement)VALUES ('V', 'Pantalon taille Enfant pour Fille', 'Pantalon Fille', '', 10, FALSE, FALSE, '2', NULL, NULL, '3');

INSERT INTO produit ( typeProduit, description, libelle, libelleCourt, prix, adulte, sexe, idTypeProduit, idNatureAliment, idNatureFourniture, idNatureVetement)VALUES ('V', 'Short taille Adulte pour Homme', 'Short Homme', '', 7, TRUE, TRUE, '2', NULL, NULL, '3'); 
INSERT INTO produit ( typeProduit, description, libelle, libelleCourt, prix, adulte, sexe, idTypeProduit, idNatureAliment, idNatureFourniture, idNatureVetement)VALUES ('V', 'Short taille Adulte pour Femme', 'Short Femme', '', 7, TRUE, FALSE, '2', NULL, NULL, '3'); 
INSERT INTO produit ( typeProduit, description, libelle, libelleCourt, prix, adulte, sexe, idTypeProduit, idNatureAliment, idNatureFourniture, idNatureVetement)VALUES ('V', 'Short taille Enfant pour Garçon', 'Short Garcon', '', 5, FALSE, TRUE, '2', NULL, NULL, '3'); 
INSERT INTO produit ( typeProduit, description, libelle, libelleCourt, prix, adulte, sexe, idTypeProduit, idNatureAliment, idNatureFourniture, idNatureVetement)VALUES ('V', 'Short taille Enfant pour Fille', 'Short Fille', '', 5, FALSE, FALSE, '2', NULL, NULL, '3');
INSERT INTO produit ( typeProduit, description, libelle, libelleCourt, prix, adulte, sexe, idTypeProduit, idNatureAliment, idNatureFourniture, idNatureVetement)VALUES ('V', 'Jupe taille Adulte pour Femme', 'Jupe Femme', '', 7, TRUE, FALSE, '2', NULL, NULL, '3'); 
INSERT INTO produit ( typeProduit, description, libelle, libelleCourt, prix, adulte, sexe, idTypeProduit, idNatureAliment, idNatureFourniture, idNatureVetement)VALUES ('V', 'Jupe taille Enfant pour Fille', 'Jupe Fille', '', 5, FALSE, FALSE, '2', NULL, NULL, '3');

INSERT INTO produit ( typeProduit, description, libelle, libelleCourt, prix, adulte, sexe, idTypeProduit, idNatureAliment, idNatureFourniture, idNatureVetement)VALUES ('V', 'T-shirt taille Adulte pour Homme', 'T-shirt Homme', '', 7, TRUE, TRUE, '2', NULL, NULL, '3'); 
INSERT INTO produit ( typeProduit, description, libelle, libelleCourt, prix, adulte, sexe, idTypeProduit, idNatureAliment, idNatureFourniture, idNatureVetement)VALUES ('V', 'T-shirt taille Adulte pour Femme', 'T-shirt Femme', '', 7, TRUE, FALSE, '2', NULL, NULL, '3'); 
INSERT INTO produit ( typeProduit, description, libelle, libelleCourt, prix, adulte, sexe, idTypeProduit, idNatureAliment, idNatureFourniture, idNatureVetement)VALUES ('V', 'T-shirt taille Enfant pour Garçon', 'T-shirt Garcon', '', 5, FALSE, TRUE, '2', NULL, NULL, '3'); 
INSERT INTO produit ( typeProduit, description, libelle, libelleCourt, prix, adulte, sexe, idTypeProduit, idNatureAliment, idNatureFourniture, idNatureVetement)VALUES ('V', 'T-shirt taille Enfant pour Fille', 'T-shirt Fille', '', 5, FALSE, FALSE, '2', NULL, NULL, '3');

INSERT INTO produit ( typeProduit, description, libelle, libelleCourt, prix, adulte, sexe, idTypeProduit, idNatureAliment, idNatureFourniture, idNatureVetement)VALUES ('V', 'Sweat taille Adulte pour Homme', 'Sweat Homme', '', 16, TRUE, TRUE, '2', NULL, NULL, '3'); 
INSERT INTO produit ( typeProduit, description, libelle, libelleCourt, prix, adulte, sexe, idTypeProduit, idNatureAliment, idNatureFourniture, idNatureVetement)VALUES ('V', 'Sweat taille Adulte pour Femme', 'Sweat Femme', '', 16, TRUE, FALSE, '2', NULL, NULL, '3'); 
INSERT INTO produit ( typeProduit, description, libelle, libelleCourt, prix, adulte, sexe, idTypeProduit, idNatureAliment, idNatureFourniture, idNatureVetement)VALUES ('V', 'Sweat taille Enfant pour Garçon', 'Sweat Garcon', '', 10, FALSE, TRUE, '2', NULL, NULL, '3'); 
INSERT INTO produit ( typeProduit, description, libelle, libelleCourt, prix, adulte, sexe, idTypeProduit, idNatureAliment, idNatureFourniture, idNatureVetement)VALUES ('V', 'Sweat taille Enfant pour Fille', 'Sweat Fille', '', 10, FALSE, FALSE, '2', NULL, NULL, '3');

INSERT INTO produit ( typeProduit, description, libelle, libelleCourt, prix, adulte, sexe, idTypeProduit, idNatureAliment, idNatureFourniture, idNatureVetement)VALUES ('V', 'Manteau taille Adulte pour Homme', 'Manteau Homme', '', 7, TRUE, TRUE, '2', NULL, NULL, '4'); 
INSERT INTO produit ( typeProduit, description, libelle, libelleCourt, prix, adulte, sexe, idTypeProduit, idNatureAliment, idNatureFourniture, idNatureVetement)VALUES ('V', 'Manteau taille Adulte pour Femme', 'Manteau Femme', '', 7, TRUE, FALSE, '2', NULL, NULL, '4'); 
INSERT INTO produit ( typeProduit, description, libelle, libelleCourt, prix, adulte, sexe, idTypeProduit, idNatureAliment, idNatureFourniture, idNatureVetement)VALUES ('V', 'Manteau taille Enfant pour Garçon', 'Manteau Garcon', '', 5, FALSE, TRUE, '2', NULL, NULL, '4'); 
INSERT INTO produit ( typeProduit, description, libelle, libelleCourt, prix, adulte, sexe, idTypeProduit, idNatureAliment, idNatureFourniture, idNatureVetement)VALUES ('V', 'Manteau taille Enfant pour Fille', 'Manteau Fille', '', 5, FALSE, FALSE, '2', NULL, NULL, '4');

INSERT INTO pack(id,typePack,idTypeProduit,libelle,prix,dateAjout, idAssociation) VALUES (1,'packAssociation', 1, 'pack1',10.0, '2018-1-01 00:00:00', 7);
INSERT INTO pack(id,typePack,idTypeProduit,libelle,prix,dateModification, idPackAssociation) VALUES (2,'packDonateur', 1, 'pack1modif',15.0, '2018-1-01 00:00:00', 1);


-----------Association_TypeProduiy-------------------------------
INSERT INTO association_typeproduit (idAssociation, idTypeProduit) VALUES ('7', '1');
INSERT INTO association_typeproduit (idAssociation, idTypeProduit) VALUES ('7', '2');
INSERT INTO association_typeproduit (idAssociation, idTypeProduit) VALUES ('8', '1');
INSERT INTO association_typeproduit (idAssociation, idTypeProduit) VALUES ('9', '1');
INSERT INTO association_typeproduit (idAssociation, idTypeProduit) VALUES ('9', '3');
INSERT INTO association_typeproduit (idAssociation, idTypeProduit) VALUES ('11', '3');
INSERT INTO association_typeproduit (idAssociation, idTypeProduit) VALUES ('7', '3');
INSERT INTO association_typeproduit (idAssociation, idTypeProduit) VALUES ('11', '3');
INSERT INTO association_typeproduit (idAssociation, idTypeProduit) VALUES ('11', '1');


INSERT INTO don(id,dateDon,idDonateur) VALUES (1,'2018-10-02 00:00:00',6);
INSERT INTO don(id,dateDon,idDonateur) VALUES (2,'2018-10-02 00:00:00',6);
INSERT INTO don(id,dateDon,idDonateur) VALUES (3,'2018-10-02 00:00:00',6);

INSERT INTO pack(typePack,idTypeProduit,libelle,prix,dateAjout, idAssociation) VALUES ('packAssociation', 1, 'Pack Aliment',10.0, '2018-1-01 00:00:00', 7);
INSERT INTO pack_produit(idPack,idProduit) VALUES (1,1);
INSERT INTO pack_produit(idPack,idProduit) VALUES (1,2);
INSERT INTO pack_produit(idPack,idProduit) VALUES (1,3);

INSERT INTO pack(typePack,idTypeProduit,libelle,prix,dateModification, idPackAssociation) VALUES ('packDonateur', 1, 'pack1modif',15.0, '2018-1-01 00:00:00', 1);
INSERT INTO pack_produit(idPack,idProduit) VALUES (2,1);
INSERT INTO pack_produit(idPack,idProduit) VALUES (2,2);
INSERT INTO pack_produit(idPack,idProduit) VALUES (2,3);
INSERT INTO pack_produit(idPack,idProduit) VALUES (2,4);

INSERT INTO pack(typePack,idTypeProduit,libelle,prix,dateAjout, idAssociation) VALUES ('packAssociation', 1, 'Pack Aliment',30.0, '2018-1-01 00:00:00', 8);
INSERT INTO pack_produit(idPack,idProduit) VALUES (3,6);
INSERT INTO pack_produit(idPack,idProduit) VALUES (3,7);
INSERT INTO pack_produit(idPack,idProduit) VALUES (3,8);

INSERT INTO pack(typePack,idTypeProduit,libelle,prix,dateAjout, idAssociation) VALUES ('packAssociation', 1, 'Pack Aliment',40.0, '2018-1-01 00:00:00', 9);
INSERT INTO pack_produit(idPack,idProduit) VALUES (4,7);
INSERT INTO pack_produit(idPack,idProduit) VALUES (4,8);
INSERT INTO pack_produit(idPack,idProduit) VALUES (4,7);
INSERT INTO pack_produit(idPack,idProduit) VALUES (4,8);

INSERT INTO pack(typePack,idTypeProduit,libelle,prix,dateAjout, idAssociation) VALUES ('packAssociation', 1, 'Pack Aliment',50.0, '2018-1-01 00:00:00', 10);
INSERT INTO pack_produit(idPack,idProduit) VALUES (5,7);
INSERT INTO pack_produit(idPack,idProduit) VALUES (5,8);
INSERT INTO pack_produit(idPack,idProduit) VALUES (5,7);
INSERT INTO pack_produit(idPack,idProduit) VALUES (5,8);

INSERT INTO pack(typePack,idTypeProduit,libelle,prix,dateAjout, idAssociation) VALUES ('packAssociation', 2, 'Pack Vetement',60.0, '2018-1-01 00:00:00', 8);
INSERT INTO pack_produit(idPack,idProduit) VALUES (6,97);
INSERT INTO pack_produit(idPack,idProduit) VALUES (6,98);
INSERT INTO pack_produit(idPack,idProduit) VALUES (6,99);
INSERT INTO pack_produit(idPack,idProduit) VALUES (6,100);

INSERT INTO pack(typePack,idTypeProduit,libelle,prix,dateAjout, idAssociation) VALUES ('packAssociation', 2, 'Pack Vetement',70.0, '2018-1-01 00:00:00', 9);
INSERT INTO pack_produit(idPack,idProduit) VALUES (7,101);
INSERT INTO pack_produit(idPack,idProduit) VALUES (7,102);
INSERT INTO pack_produit(idPack,idProduit) VALUES (7,103);
INSERT INTO pack_produit(idPack,idProduit) VALUES (7,104);

INSERT INTO pack(typePack,idTypeProduit,libelle,prix,dateAjout, idAssociation) VALUES ('packAssociation', 2, 'Pack Vetement',80.0, '2018-1-01 00:00:00', 10);
INSERT INTO pack_produit(idPack,idProduit) VALUES (8,105);
INSERT INTO pack_produit(idPack,idProduit) VALUES (8,106);
INSERT INTO pack_produit(idPack,idProduit) VALUES (8,107);
INSERT INTO pack_produit(idPack,idProduit) VALUES (8,108);

INSERT INTO pack(typePack,idTypeProduit,libelle,prix,dateAjout, idAssociation) VALUES ('packAssociation', 2, 'Pack Vetement',60.0, '2018-1-01 00:00:00', 11);
INSERT INTO pack_produit(idPack,idProduit) VALUES (9,109);
INSERT INTO pack_produit(idPack,idProduit) VALUES (9,110);
INSERT INTO pack_produit(idPack,idProduit) VALUES (9,111);
INSERT INTO pack_produit(idPack,idProduit) VALUES (9,112);

INSERT INTO pack(typePack,idTypeProduit,libelle,prix,dateAjout, idAssociation) VALUES ('packAssociation', 3, 'Pack Fourniture',70.0, '2018-1-01 00:00:00', 9);
INSERT INTO pack_produit(idPack,idProduit) VALUES (10,67);
INSERT INTO pack_produit(idPack,idProduit) VALUES (10,68);
INSERT INTO pack_produit(idPack,idProduit) VALUES (10,70);
INSERT INTO pack_produit(idPack,idProduit) VALUES (10,81);

INSERT INTO pack(typePack,idTypeProduit,libelle,prix,dateAjout, idAssociation) VALUES ('packAssociation', 3, 'Pack Fourniture',80.0, '2018-1-01 00:00:00', 10);
INSERT INTO pack_produit(idPack,idProduit) VALUES (11,78);
INSERT INTO pack_produit(idPack,idProduit) VALUES (11,80);
INSERT INTO pack_produit(idPack,idProduit) VALUES (11,79);
INSERT INTO pack_produit(idPack,idProduit) VALUES (11,82);

INSERT INTO pack(typePack,idTypeProduit,libelle,prix,dateAjout, idAssociation) VALUES ('packAssociation', 3, 'Pack Fourniture',80.0, '2018-1-01 00:00:00', 11);
INSERT INTO pack_produit(idPack,idProduit) VALUES (12,74);
INSERT INTO pack_produit(idPack,idProduit) VALUES (12,86);
INSERT INTO pack_produit(idPack,idProduit) VALUES (12,73);
INSERT INTO pack_produit(idPack,idProduit) VALUES (12,88);

 